student_id,course_list
0,"49,65,76"
1,42
2,"17,22,52,74,87"
3,"21,68"
4,"1,34,57,64"
5,"10,36,74"
6,68
7,"1,34,57,64"
8,"17,20,23,78"
9,"6,7"
10,92
11,"20,68,92"
12,"9,50"
13,"1,34,57,64,85"
14,"1,34,57,64"
15,79
16,"1,34,57,77"
17,"9,16,52"
18,28
19,"8,40,51,58,87"
20,"7,16,50,79"
21,"11,24,41,70"
22,66
23,"20,52"
24,10
25,"1,34,57,64"
26,"29,41,48,75,86,90"
27,"9,17,20,35"
28,"2,29,48,75,86,90"
29,"3,24,78,91"
30,66
31,"4,39,54,63,80"
32,"1,34,57,64"
33,"9,31,60,67,91"
34,"8,40,51,58,87"
35,"18,21,42,59"
36,"3,24,41,70,84"
37,"4,39,54,63,80"
38,"35,78"
39,"9,50,60"
40,"1,44,57,64"
41,"49,65,76"
42,35
43,"5,18,37"
44,"2,29,48,75,86,90"
45,"16,43,66,78"
46,"2,48,75,86,90"
47,"21,26,48,88"
48,"11,21,25,92"
49,"2,29,48,75,86,90"
50,"11,19,22,41"
51,"22,33,41,52,74"
52,"2,29,38,46,48,75"
53,"3,19,21,37"
54,"16,32"
55,"8,40,51,58,87"
56,"49,65,76"
57,"9,23,31,78,91"
58,"1,34,57,64"
59,"2,40,53,61,75"
60,"9,50"
61,"1,34,57,77"
62,52
63,"1,34,57,64"
64,"1,34,57,64"
65,"49,65,76"
66,71
67,"19,21,29"
68,"1,34,57,77"
69,"7,18,20"
70,33
71,"49,65,76"
72,56
73,"21,52"
74,"3,36,50"
75,"2,40,53,61,75"
76,"31,62,67"
77,"7,18,20,60"
78,"13,21"
79,"21,24,59"
80,"8,40,51,58,87"
81,"8,40,51,58,87"
82,"1,34,57,64"
83,"25,52,62,66"
84,21
85,"7,41,66"
86,"1,34,57,64"
87,"22,59,67"
88,"9,16,50,78"
89,"49,65,76"
90,"17,66,78,91"
91,"9,18,35,67"
92,66
93,"9,18,91"
94,"1,34,57,64"
95,"49,65,76"
96,"49,65,76"
97,"16,32"
98,7
99,"6,9,50,79"
100,"35,41,78"
101,"1,57,64,81"
102,"2,38,46,75"
103,"30,78,91"
104,"8,40,51,58,87"
105,"49,65,76"
106,"2,29,48,75,86,90"
107,"17,41,68"
108,"1,44,57,64"
109,"7,91"
110,"8,40,51,58,87"
111,"1,34,57,64"
112,"1,34,57,64"
113,"19,22,35"
114,"42,50"
115,"10,17,22,41,73"
116,"67,91"
117,"7,36"
118,"11,18,43,67"
119,"2,45,75,89"
120,71
121,"49,65,76"
122,"1,34,57,64"
123,"10,36"
124,41
125,"1,44,57,64"
126,"2,29,48,75,86,90"
127,"7,30,78"
128,"3,14,24"
129,"8,40,51,58,87"
130,"22,25,52"
131,"18,21,52,59,68"
132,"1,34,57,77"
133,"49,65,76"
134,17
135,73
136,"2,29,48,75,86,90"
137,"1,34,57,77"
138,"9,33,59"
139,"2,29,48,75,90"
140,"7,16,50,79"
141,"8,40,51,58,87"
142,"3,25,36"
143,"12,30,48"
144,"49,65,76"
145,"22,73"
146,"3,41,50,78"
147,"17,34,59,79,90"
148,"9,28"
149,"52,67,84"
150,"7,31,46,68"
151,"1,34,57,64"
152,"1,34,57,77"
153,"14,30"
154,"2,29,48,75,86,90"
155,"1,57,64,81"
156,"7,83"
157,"1,34,57,64"
158,"7,16,23,50"
159,"2,48,75,86,90"
160,"2,48,75,86,90"
161,"20,78"
162,"1,34,57,77"
163,"22,30,41,84"
164,"52,78"
165,"3,69"
166,41
167,"7,21,60"
168,"1,34,57,77"
169,"1,34,57,77"
170,"52,66"
171,3
172,"2,29,42,48,75,90"
173,67
174,"8,40,51,58,87"
175,"11,17,20,60,92"
176,"16,23,50,66"
177,"1,34,57,64"
178,"1,34,57,77"
179,"8,40,51,58,87"
180,"22,73"
181,"7,43,50"
182,"2,29,48,75,86,90"
183,"23,35"
184,"1,34,57,77"
185,"1,34,57,64"
186,"1,34,57,77"
187,"33,41,69"
188,"2,29,48,75,86,90"
189,"2,29,48,75,86,90"
190,"21,59,91"
191,"3,7,24"
192,"2,26,48,88"
193,"2,40,53,61,75"
194,21
195,"47,55,72"
196,"30,50,60"
197,"20,33,62,84"
198,"20,30,78"
199,"1,57,82"
200,"9,31,50,78"
201,"7,92"
202,"25,78,91"
203,"1,34,57,64"
204,"1,34,57,77"
205,"1,34,57,64"
206,"2,29,48,75,86,90"
207,"22,73"
208,"20,74,84,92"
209,"49,65,76"
210,7
211,"6,18,20"
212,"1,57,82"
213,"2,29,48,75,86,90"
214,21
215,"1,34,57,77"
216,"49,65,76"
217,"1,34,57,64"
218,"22,60,91"
219,"16,23,50,66"
220,"20,24,41,67,84"
221,"9,16,50,78"
222,"2,29,48,75,86,90"
223,"40,51,58,87"
224,"4,39,54,63,80"
225,"1,34,57,64,85"
226,"2,29,48,75,90"
227,68
228,"1,34,57,64,85"
229,"20,52"
230,"2,29,48,75,86,90"
231,"78,91"
232,"8,40,51,58,87"
233,"49,65,76"
234,"21,25,29,52"
235,"7,70"
236,"2,29,48,75,86,90"
237,"1,34,57,77"
238,"16,23,50,78"
239,84
240,"2,29,48,75,86,90"
241,"56,67"
242,36
243,"9,19,20,35"
244,"49,65,76"
245,"49,65,76"
246,"1,34,57,64"
247,"1,34,57,77"
248,"9,29"
249,"7,30,60,78"
250,"7,30,78"
251,"2,29,48,75,86,90"
252,"49,65,76"
253,"16,32"
254,"1,34,57,64"
255,"1,34,57,64"
256,"1,34,57,64,85"
257,"2,48,75,86,90"
258,"8,51,58,87"
259,"1,34,57,77"
260,"9,16,50,78"
261,"1,34,57,64"
262,"21,68"
263,"2,29,48,75,86,90"
264,"8,40,51,58,87"
265,"7,29,69"
266,"1,34,57,77"
267,"3,78"
268,"1,34,57,77"
269,"43,79"
270,"2,48,75,86,90"
271,"20,27,48,87"
272,"43,62,84"
273,"2,29,48,75,86,90"
274,"9,24,78"
275,"49,65,76"
276,"26,43,48,88"
277,"2,29,42,48,75,90"
278,"2,29,48,75,86,90"
279,"2,29,48,75,86,90"
280,"8,40,51,58,87"
281,69
282,"12,66,91"
283,"16,32"
284,"49,65,76"
285,"42,59,78"
286,"11,70"
287,"16,32"
288,"1,34,57,77"
289,"11,24"
290,"2,48,86,90"
291,"52,60,79,91"
292,"19,36"
293,3
294,"1,34,57,64"
295,"11,60,70"
296,"2,29,45,75,89"
297,"8,40,51,58,87"
298,"8,40,51,58,87"
299,"1,34,57,64"
300,"20,30,52,74"
301,"12,30,87"
302,"1,34,57,77"
303,"7,18,21"
304,"25,37,84"
305,"18,22,36,91"
306,"16,32"
307,"7,24,91"
308,"16,32"
309,"2,29,48,75"
310,"1,34,57,64,85"
311,"8,51,58,87"
312,"23,30,78,91"
313,"1,34,57,64"
314,"16,43,50,78"
315,"54,63,80"
316,7
317,"20,30,52,74,84"
318,69
319,"1,34,57,77"
320,"1,34,57,77"
321,"1,34,57,64"
322,"2,29,48,75,86,90"
323,"2,29,48,75,86,90"
324,"1,34,57,77"
325,"23,52,66,87"
326,"49,65,76"
327,"49,65,76"
328,"30,67,91"
329,"62,91"
330,"1,34,57,77"
331,"19,27,48"
332,"16,32"
333,"49,65,76"
334,"9,22"
335,"1,34,57,77"
336,"17,22,52,68"
337,79
338,"2,29,48,75,86,90"
339,"2,29,48,75,86,90"
340,"20,68"
341,"8,40,51,58,87"
342,"2,29,48,75,86,90"
343,"7,67,91"
344,"6,20,35"
345,"49,65,76"
346,"8,40,51,58,87"
347,"1,34,57,64"
348,"2,40,53,61,75"
349,"1,34,57,64"
350,"11,21,31,68"
351,"1,34,57,64"
352,"2,29,48,75,86,90"
353,"2,18,50,79"
354,"4,39,54,63,80"
355,"12,68,91"
356,"1,34,57,64,85"
357,"9,28"
358,"2,48,75,86,90"
359,"2,29,48,75,86,90"
360,"17,22,52,74,84"
361,"12,21"
362,"1,34,57,77"
363,"3,19,20,36"
364,"21,35"
365,"2,29,48,75,86,90"
366,"1,34,57,77"
367,"1,34,57,64"
368,"1,34,57,64,85"
369,"1,34,57,64"
370,"49,65,76"
371,"4,39,54,63,80"
372,"2,29,48,75,86,90"
373,"7,66"
374,"10,23,30,50"
375,"2,29,45,75,89"
376,"49,65,76"
377,"1,34,57,64"
378,"2,29,48,75"
379,"10,20,25,35"
380,"7,18,66"
381,"3,12"
382,"16,32"
383,"1,34,57,64"
384,"2,17"
385,"2,29,48,75,86,90"
386,"2,29,48,75,90"
387,"1,34,57,77"
388,"1,34,57,77"
389,"16,50,78"
390,"18,22,84,91"
391,"9,16,50,69"
392,"2,29,48,75,86,90"
393,"12,32"
394,"2,29,48,75,86,90"
395,12
396,"11,31,41,70"
397,"10,21,31,35"
398,"8,40,51,58,87"
399,"21,68,92"
400,"7,16,79"
401,"1,34,57,77"
402,"1,34,57,77"
403,"49,65,76"
404,"11,17,21,24,52"
405,"8,40,51,58,87"
406,"1,34,57,77"
407,"18,52,79"
408,"8,40,51,58,87"
409,"3,52"
410,"22,91"
411,"22,30,35,69"
412,"21,26,48,88"
413,"9,16,50,78"
414,"83,92"
415,"2,53,61,75"
416,"8,40,51,58,87"
417,50
418,13
419,"49,65,76"
420,"20,23,31,52,78"
421,"2,29,48,75,86,90"
422,67
423,"8,40,51,58,87"
424,"49,65,76"
425,"2,29,48,75,86,90"
426,20
427,"9,29,35"
428,"7,21,24"
429,"1,34,57,77"
430,"3,22,31,68,92"
431,"1,34,57,64"
432,"8,40,51,58,87"
433,"2,29,48,75,86,90"
434,"29,48,87"
435,67
436,20
437,49
438,"9,18,66"
439,"49,65,76"
440,"3,17,35,79"
441,"1,57,82"
442,"12,66"
443,"62,74,91"
444,"21,35,78"
445,78
446,"22,59,91"
447,66
448,"19,20,23"
449,"49,65"
450,"9,16,50,79"
451,"2,29,48,75,86,90"
452,"10,22,30,36,79"
453,52
454,"8,40,51,58,87"
455,"7,20,24,59"
456,"1,34,57,64"
457,"1,34,57,64"
458,"30,35,69,91"
459,"1,34,57,77"
460,"16,40,87"
461,"33,48,59"
462,"8,40,51,58,87"
463,"1,34,57,64"
464,"11,67"
465,"2,29,48,75,86,90"
466,"2,29,48,75,86,90"
467,"1,34,57,77"
468,"56,70"
469,"26,43,48,88"
470,"68,78"
471,"9,50"
472,"2,29,42,48,75,90"
473,"19,59,66"
474,"18,21,52"
475,"1,34,57,64"
476,"8,40,51,58,87"
477,"49,65,76"
478,"1,57,64,81"
479,"62,67"
480,"67,79"
481,12
482,"49,65,76"
483,"1,34,57,77"
484,"29,35,79"
485,50
486,"2,29,48,75,86,90"
487,"49,65,76"
488,52
489,"1,34,57,64"
490,"1,34,57,64"
491,"42,78"
492,"8,40,51,58,87"
493,"10,22,30,79"
494,"6,21,59"
495,"10,59,91"
496,"2,29,48,75,86,90"
497,"1,57,64,81"
498,"37,60,69"
499,"9,20,66,78"
500,"2,10,30,87"
501,"16,66,78"
502,"2,29,38,46,48,75"
503,"16,32"
504,"1,57,77"
505,"3,10,33"
506,"2,29,48,75,86,90"
507,"6,7,21,31"
508,"2,29,38,46,75"
509,"7,20"
510,"3,10,21,33,60"
511,"10,20,24"
512,"9,22,33,41,52"
513,"2,29,45,75,89"
514,"9,30,62,78,91"
515,"1,34,57,64"
516,"49,65,76"
517,"6,20,24,37"
518,"31,68,84,92"
519,"20,25,41,67,84"
520,"2,29,48,75,86,90"
521,20
522,"21,24,92"
523,"18,20,36,69"
524,"1,34,57,64"
525,"19,37,84,92"
526,"2,40,53,61,75"
527,"1,34,57,64"
528,"8,40,51,58,87"
529,"2,40,53,61,75"
530,"7,66,91"
531,"21,26,48,88"
532,"2,29,48,75,86,90"
533,"9,69"
534,"1,34,57,64"
535,"9,71"
536,"1,34,57,64"
537,"10,20,87"
538,"16,23,50,78"
539,"3,35,66"
540,"18,20,41,68"
541,"20,23"
542,"3,14,37"
543,"1,34,57,77"
544,"4,39,54,63,80"
545,"1,34,57,64"
546,13
547,"50,78,91"
548,"3,60"
549,"9,16,50,78"
550,"1,34,57,64"
551,"49,65,76"
552,"1,44,57,64"
553,"2,29,48,75,86,90"
554,"2,35,42,78,87"
555,"8,40,51,58,87"
556,"16,32"
557,91
558,79
559,"7,21,25,59"
560,"1,34,57,77"
561,"1,34,57,64"
562,"40,53,61,75"
563,3
564,"2,29,48,75"
565,"2,29,48,75,86,90"
566,41
567,"14,30,67"
568,"3,9,19,21"
569,"16,32"
570,28
571,"1,34,57,64"
572,"49,65,76"
573,"7,16,23,50"
574,"49,65,76"
575,"8,40,51,58,87"
576,"18,78"
577,"2,29,48,75,86,90"
578,"21,30,41,74,84"
579,"3,17,20,35,79"
580,"1,34,57,64"
581,"1,34,57,77"
582,"7,16,50"
583,"49,65,76"
584,"9,21,24"
585,"2,40,53,61,75"
586,"2,29,48,75,86,90"
587,"8,40,51,58,87"
588,"8,40,51,58,87"
589,"22,30,59,91"
590,"23,59"
591,"14,30,66"
592,"8,40,51,58,87"
593,"35,52,79"
594,"1,34,57,64"
595,"1,34,57,64"
596,"2,29,48,75,86,90"
597,70
598,"20,52,59,74"
599,50
600,"9,71"
601,"30,62,78"
602,"20,52"
603,"1,34,57,64"
604,"21,26,48,88"
605,"56,70"
606,"10,21,37"
607,"1,34,57,64"
608,"18,29,48"
609,62
610,"8,40,51,58,87"
611,"49,65,76"
612,"6,20,33,37"
613,"36,69,91"
614,"9,17,22,52"
615,"22,56"
616,"8,40,51,58,87"
617,"8,40,51,58,87"
618,"9,21,31,59,69"
619,"2,20,24,52"
620,"9,23,50,79"
621,"2,29,48,75,86,90"
622,"1,34,57,64"
623,"7,16,50,79"
624,"9,20,31,52,59"
625,"10,22,31,73"
626,"1,34,57,77"
627,"2,29,48,75,86,90"
628,"2,29,48,75"
629,"1,34,57,64"
630,"9,69,78"
631,"2,29,48,75,86,90"
632,6
633,"52,68"
634,"23,37,66,91"
635,"13,21"
636,20
637,"10,21,23,31"
638,"16,32"
639,"7,16,50,79"
640,"49,65,76"
641,"1,34,57,64"
642,"21,31,69"
643,"52,62,91"
644,"1,34,57,77"
645,"6,30,35,78"
646,"20,31"
647,7
648,"49,65,76"
649,"3,25,52"
650,"3,7,30"
651,"3,28"
652,"2,29,45,75,89"
653,"1,34,57,64"
654,"1,34,57,64"
655,"49,65,76"
656,"2,29,48,75,86,90"
657,"1,57,64,81"
658,"49,65,76"
659,"49,65,76"
660,"60,74,91"
661,"22,36,91"
662,"3,18,42,78"
663,"7,17,20,33"
664,"1,34,57,64"
665,"49,65,76"
666,"22,30,41,52"
667,"9,17,22,52,68"
668,"2,48,89"
669,"40,53,61,75"
670,"2,29,48,75,86,90"
671,"13,21"
672,"2,29,48,75,86,90"
673,"9,50"
674,"8,40,51,58,87"
675,"12,66"
676,13
677,"9,16,50,79"
678,"8,40,51,58,87"
679,"7,30,66"
680,"1,34,57,64"
681,"18,78,91"
682,"7,21,24,59"
683,"1,45,64,75,89"
684,"21,24"
685,"1,34,57,77"
686,"16,32"
687,"10,20,33"
688,13
689,21
690,78
691,42
692,"11,21,25,67,92"
693,"2,29,48,75,86,90"
694,"49,65,76"
695,"8,40,51,58,87"
696,"56,73"
697,"9,23,50,79"
698,"49,65,76"
699,"2,38,46,75"
700,"10,20,35"
701,"49,65,76"
702,"2,29,38,46,75"
703,"8,40,51,58,87"
704,"1,34,57,77"
705,"2,29,48,75,86,90"
706,"3,9,35"
707,"1,34,57,77"
708,"12,35,66,78"
709,"1,34,57,77"
710,"8,40,51,58"
711,66
712,"7,18,21,59"
713,35
714,"1,34,57,64"
715,"26,48,83,88"
716,"1,34,57,64"
717,"49,65,76"
718,"26,48,69,88"
719,"35,69"
720,"20,52"
721,"10,29,91"
722,"49,65,76"
723,"1,34,57,77"
724,"12,69,79"
725,"22,41"
726,"7,30,91"
727,"7,17,20,60"
728,"1,34,57,77"
729,"8,40,51,58,87"
730,"3,10,21,30,60"
731,"47,55,72"
732,"49,65,76"
733,"20,41,67,84"
734,"2,29,38,46,48,75"
735,"1,34,57,64"
736,"1,34,57,77"
737,"8,40,51,58,87"
738,"2,29,48,75"
739,"4,88"
740,"13,23"
741,"1,34,57,64"
742,"7,17,20,59"
743,"21,69"
744,"2,29,48,75,86,90"
745,"30,50,60,78"
746,"8,40,51,58,87"
747,"33,52,62,79"
748,"1,34,57,77"
749,"8,40,51,58,87"
750,"35,69"
751,"1,34,57,64"
752,"3,24,69,91"
753,"7,30,59"
754,"1,34,57,64"
755,"1,57,64,81"
756,"7,21,37"
757,"1,34,57,64"
758,"7,66"
759,"1,34,57,77"
760,"16,32"
761,43
762,"2,17,75,90"
763,"9,30,36,78"
764,"2,29,48,75,86,90"
765,27
766,"1,34,57,64,85"
767,"43,79"
768,19
769,"1,34,57,77"
770,"2,29,42,48,75,90"
771,"1,34,57,77"
772,"11,84"
773,"8,40,51,58,87"
774,"16,32"
775,"49,65,76"
776,"1,34,57,64"
777,"2,29,48,75,86,90"
778,"16,32"
779,16
780,"2,38,46,48,75"
781,42
782,"1,34,57,64"
783,"21,78,91"
784,"7,16,50,79"
785,"60,69,91"
786,"7,50,60,79"
787,"1,34,57,77"
788,28
789,"30,37,52,66"
790,"3,20,62"
791,"1,34,57,77"
792,"6,16,50"
793,"7,16,23,50"
794,"1,34,57,77"
795,"1,34,57,64"
796,"9,16,50,78"
797,"8,40,51,58,87"
798,"1,34,57,77"
799,"1,34,57,64"
800,"8,84,87"
801,"8,40,51,58,87"
802,"9,16,23,50"
803,"8,40,51,58,87"
804,"24,41,68,84"
805,"8,51,58,87"
806,"25,67"
807,"20,26,48,88"
808,52
809,"7,50,78"
810,"49,65,76"
811,"8,40,51,58,87"
812,"22,30,52,92"
813,"2,29,48,75,86,90"
814,"16,32"
815,"9,50,79"
816,"8,40,51,58,87"
817,"2,29,48,75,86,90"
818,20
819,"36,78"
820,"1,34,57,64"
821,"2,29,44,75,89"
822,"3,20,24,59"
823,"49,65,76"
824,"49,65,76"
825,"1,44,57,64"
826,"21,41,68,84"
827,"49,65,76"
828,"49,65,76"
829,"11,20,70,92"
830,"13,20"
831,"7,16,23,50"
832,"1,34,57,64,85"
833,"25,78"
834,"49,65,76"
835,"2,48,75"
836,"16,32"
837,"8,40,51,58,87"
838,"2,29,48,75,86,90"
839,"1,34,57,64,85"
840,"2,29,48,75,86,90"
841,"24,41,70,84"
842,"2,29,48,75,86,90"
843,"7,66"
844,"49,65,76"
845,"11,20,30,74,92"
846,"5,11,69"
847,"49,65,76"
848,"1,44,57,64"
849,"2,40,53,61,75"
850,"49,65,76"
851,"1,34,57,77"
852,"9,17,22,52"
853,"7,20,30,78,91"
854,"11,18,22,41,70"
855,"33,35,78"
856,"10,36"
857,"1,34,57,77"
858,"31,86"
859,"8,40,51,58,87"
860,"2,29,38,46,48,75"
861,"1,34,57,64"
862,"1,34,57,64"
863,"49,65,76"
864,"6,7,20,30"
865,"15,47,55,72"
866,"1,34,57,64"
867,"21,30"
868,"1,57,82"
869,"11,56"
870,"16,32"
871,"23,66,78"
872,"49,65,76"
873,5
874,"42,60"
875,"10,21,31"
876,"1,34,57,64,85"
877,"6,9,16,50"
878,"27,48,87"
879,"12,21,91"
880,79
881,"7,23,50,78"
882,"2,29,48,75,86,90"
883,"49,65,76"
884,"2,29,48,75,90"
885,"49,65,76"
886,"2,29,48,75,86,90"
887,"1,34,57,64"
888,"6,18,59,68"
889,"2,40,53,61,75"
890,"2,29,48,75"
891,"1,34,57,64,85"
892,"1,34,57,64"
893,"2,29,48,75"
894,"1,34,57,64"
895,"35,71,78"
896,"1,34,57,64"
897,"12,17,20,66"
898,"27,48,87"
899,"49,65,76"
900,"1,57,64,81"
901,"2,38,48,75"
902,3
903,"1,34,57,64"
904,"20,29,52"
905,"52,68"
906,"1,44,57,64"
907,"8,40,51,58,87"
908,"2,29,48,75,86,90"
909,"2,29,48,75,90"
910,"1,34,57,64"
911,"7,16,50,78"
912,"21,69"
913,"1,34,57,64"
914,"2,29,48,75,86,90"
915,"2,29,48,75,86,90"
916,"2,29,48,75,86,90"
917,"2,40,53,61,75"
918,"10,19,48,87"
919,"10,30,35"
920,"1,34,57,64"
921,"5,7,22,91"
922,"3,18,22,68,92"
923,"1,34,57,64"
924,"7,33,91"
925,"3,9,33,59"
926,"1,57,82"
927,"47,55,72"
928,73
929,"8,40,51,58,87"
930,24
931,"9,18,21,59,67"
932,"1,44,57,64"
933,3
934,"20,29,52"
935,"3,60,78,91"
936,"23,35,78,91"
937,"2,29,48,75,90"
938,"7,17,21,59"
939,"1,34,57,77"
940,"1,34,57,77"
941,"47,55,72"
942,"8,51,58,87"
943,"3,43,50,78"
944,78
945,"36,69"
946,"1,34,57,77"
947,"1,34,57,64"
948,"8,20,37,51"
949,"1,44,57,64"
950,"3,9,50,78"
951,"59,69,79,91"
952,"8,40,51,58,87"
953,"25,69,79"
954,"6,7,78"
955,"8,40,51,58,87"
956,4
957,"3,27,48,87"
958,"49,65,76"
959,"7,69"
960,"33,66,78,91"
961,"1,44,57,64"
962,"3,27,31,48,87"
963,"9,16"
964,"2,29,45,75,89"
965,"1,34,57,77"
966,"1,34,57,64"
967,"49,65,76"
968,"31,35,52,71,91"
969,"1,34,57,64"
970,"9,21,41,68,84"
971,"7,30,35,52,91"
972,17
973,"2,29,75,86,90"
974,"3,9,30,50,62"
975,"2,40,53,61,75"
976,"6,16,50,79"
977,"2,29,48,75,86,90"
978,"1,44,57,64"
979,"2,29,48,75,86,90"
980,"10,21,69,92"
981,"2,29,48,75,90"
982,"7,16,23,50"
983,"2,29,48,75,86,90"
984,"1,34,57,64"
985,"35,69"
986,"69,79"
987,"21,31,35,52"
988,"49,65,76"
989,"2,29,48,75,86,90"
990,"9,16,50,78"
991,"7,20,62"
992,"1,34,57,64"
993,68
994,"1,34,57,64"
995,"16,43,50"
996,"2,29,48,75,86,90"
997,"1,34,57,77"
998,"2,40,53,61,75"
999,"68,78"
1000,"2,40,53,61,75"
1001,"11,22,25,41,74"
1002,"2,29,42,48,75,90"
1003,"3,9,24"
1004,"2,29,48,75,86,90"
1005,20
1006,"20,24,52,74"
1007,13
1008,"21,31,59,67"
1009,"4,39,54,63,80"
1010,"2,29,48,75,86,90"
1011,"21,24,43,70,84"
1012,"2,29,48,75"
1013,"7,16,23,50"
1014,"3,9,65,79"
1015,"20,52,60,90"
1016,"12,17,29"
1017,"7,24,35,74"
1018,"12,41"
1019,"2,29,48,75,86,90"
1020,"1,34,57"
1021,"2,29,48,75,86,90"
1022,"9,21,35"
1023,"8,40,51,58,87"
1024,"6,21,52"
1025,"3,7"
1026,"6,9,16,50"
1027,"2,29,48,75"
1028,"20,31,60"
1029,"8,40,51,58,87"
1030,"1,34,57,64"
1031,"3,21"
1032,"11,60,67,91"
1033,"1,34,57,77"
1034,"18,21,35"
1035,"49,65,76"
1036,"10,48,88"
1037,"17,22,41,52"
1038,"47,55,72"
1039,"19,20,59,67"
1040,"16,32"
1041,3
1042,66
1043,"13,20"
1044,"2,29,48,75,86,90"
1045,"2,29,48,75,86,90"
1046,"18,59,70"
1047,69
1048,"7,16,23,50"
1049,"49,65,76"
1050,"29,42,79"
1051,"3,24,91"
1052,"7,31,68,78"
1053,"21,60"
1054,"15,47,55,72"
1055,"1,57,64,81"
1056,"42,48,75,90"
1057,"24,36,91"
1058,"49,65,76"
1059,"1,34,57,64"
1060,"9,16,50"
1061,"2,29,48,75,90"
1062,"1,34,57,77"
1063,"52,60,91"
1064,"3,26,48,88"
1065,"2,29,48,75,86,90"
1066,"6,19,50,67"
1067,"16,32"
1068,"1,34,57,64"
1069,"8,40,51,58,87"
1070,3
1071,"16,21,59,66"
1072,"9,30,79"
1073,"1,34,57,77"
1074,"49,66"
1075,"47,55,72"
1076,"10,26,48,88"
1077,"1,34,57,64"
1078,"8,40,51,77,87"
1079,"1,34,57,64"
1080,"49,65,76"
1081,"1,34,57,64"
1082,21
1083,"22,62,91"
1084,"22,59,67,91"
1085,"2,29,45,75,89"
1086,"27,48,87"
1087,"52,69,78,92"
1088,"1,34,57,64"
1089,"8,51,58,87"
1090,"2,48,75,90"
1091,"25,29,52,66"
1092,"10,29,66"
1093,"49,65,76"
1094,"30,59,66"
1095,"1,34,57,77"
1096,"35,50,67"
1097,"2,29,48,75,86,90"
1098,"8,40,58,87"
1099,"8,40,51,58,87"
1100,"1,34,57,64"
1101,"1,34,57,77"
1102,"2,29,45,75,89"
1103,"49,65,76"
1104,"11,18,20,52,74"
1105,"1,34,57,64,85"
1106,"16,23,50,66"
1107,"2,29,48,75,86,90"
1108,"16,32"
1109,"1,34,57,77"
1110,"2,29,38,46,48,75"
1111,"9,41,50,60,91"
1112,"1,34,57,64"
1113,"2,29,48,75,86,90"
1114,"10,36,79"
1115,"5,21,69,92"
1116,"1,57,82"
1117,"18,20,52,59"
1118,"17,43,91"
1119,"1,34,57,64,85"
1120,"5,30,50"
1121,"1,34,57,64"
1122,"2,29,48,75,86,90"
1123,"2,40,53,61,75"
1124,"6,21,59"
1125,"9,43,66,79"
1126,"5,22,30,92"
1127,"3,16,50,78"
1128,62
1129,"16,23,50,66"
1130,"4,12"
1131,"1,34,57,64"
1132,"12,21,24,29"
1133,56
1134,"9,16,50,78"
1135,"3,23,30"
1136,"23,30,52,66"
1137,"1,34,57,64"
1138,"1,57,64,81"
1139,"2,29,48,75,86,90"
1140,52
1141,"9,16,50,79"
1142,"26,48,88"
1143,"2,29,48,75,86,90"
1144,"1,34,57,64"
1145,"1,34,57,64"
1146,"16,32"
1147,"25,41,91"
1148,14
1149,"2,29,42,48,75,90"
1150,"49,88"
1151,"7,59"
1152,"8,40,51,58,87"
1153,"49,65,76"
1154,"16,32"
1155,"1,34,57,64"
1156,"8,40,51,58,87"
1157,"1,57,64,81"
1158,"8,40,51,58,87"
1159,"27,31,48,87"
1160,"9,16,50,78"
1161,"49,65,76"
1162,"49,65,76"
1163,"7,31,41,50"
1164,"2,29,48,75,86,90"
1165,"2,29,48,75,86,90"
1166,"1,34,57,77"
1167,"11,70"
1168,"49,65,76"
1169,"2,29,48,75,86,90"
1170,"17,66,78"
1171,"2,29,48,75,86,90"
1172,"10,26,48,88"
1173,"7,16,50,79"
1174,"21,41,74,84"
1175,"29,52,87"
1176,"8,40,51,58,87"
1177,"2,42,48,75,90"
1178,"1,34,57,64"
1179,"8,40,51,58,87"
1180,"56,70"
1181,62
1182,"2,53,61,75"
1183,67
1184,"8,40,51,58,87"
1185,"1,34,57,64"
1186,"1,34,57,64"
1187,"16,35,69"
1188,9
1189,56
1190,"8,40,51,58,87"
1191,"1,57,64,81"
1192,"17,35,43,91"
1193,"49,65,76"
1194,"20,78"
1195,"16,32"
1196,"2,29,48,75,86,90"
1197,41
1198,"49,65,76"
1199,"2,29,48,75,86,90"
1200,"25,35"
1201,"2,29,45,75,89"
1202,"15,47,55,72"
1203,"8,21,40,68"
1204,"30,62,91"
1205,"1,34,57,77"
1206,37
1207,"1,34,57,64"
1208,"1,57,64,81"
1209,"43,52"
1210,"49,65,76"
1211,"1,34,57,77"
1212,"3,9,24,52,68"
1213,"16,23,50,66"
1214,"20,52,68"
1215,"52,78"
1216,66
1217,"3,31,78"
1218,"21,25,37,92"
1219,"1,34,57,64"
1220,"24,35,50"
1221,27
1222,"49,65,76"
1223,"1,57,64,82"
1224,"8,40,51,58,87"
1225,"1,34,57,77"
1226,"7,66"
1227,"2,29,48,75,86,90"
1228,20
1229,"2,29,45,75,89"
1230,"10,87"
1231,"8,40,51,58,87"
1232,"1,34,57,64"
1233,"11,20,67"
1234,"40,51,58,87"
1235,"8,40,51,58,87"
1236,"1,34,57,64"
1237,"1,34,57,77"
1238,"1,34,57,64"
1239,3
1240,"47,55,72"
1241,"42,78"
1242,"7,16,50,78"
1243,"60,70"
1244,"20,79"
1245,"3,17,21,59"
1246,"3,19,21,36"
1247,"1,34,57,64"
1248,"1,34,57,64"
1249,"49,65,76"
1250,"16,23,50,78"
1251,"2,9,19,21,59"
1252,"1,34,57,64"
1253,"2,29,48,75,86,90"
1254,52
1255,"1,34,57,77"
1256,67
1257,"33,66,79,91"
1258,"22,41,67"
1259,"2,40,53,61,75"
1260,"49,65,76"
1261,78
1262,"2,29,48,75,86,90"
1263,"3,9,25,59"
1264,"30,74,91"
1265,"29,48,86"
1266,"2,48,75,86,90"
1267,"1,34,57,64,85"
1268,15
1269,"3,17,62,69"
1270,"6,9,50,78"
1271,"1,34,57,77"
1272,"1,34,57,77"
1273,"7,16,50,79"
1274,"7,20,67"
1275,"39,54,80"
1276,"7,20"
1277,"8,40,51,58,87"
1278,"2,29,48,75,86,90"
1279,"1,34,57,64"
1280,"22,30,41,68"
1281,"7,21,30,60"
1282,"7,16,23,50"
1283,"1,34,57,77"
1284,"1,34,57,77"
1285,65
1286,"4,39,54,63,80"
1287,"2,29,48,75"
1288,"37,52,66"
1289,"1,34,57,64"
1290,20
1291,"7,30,78"
1292,"20,26,48,88"
1293,"1,34,57,64"
1294,"10,26,48,88"
1295,"49,65,76"
1296,"2,29,48,75,86,90"
1297,"6,16,50,78"
1298,"1,34,57,64"
1299,"20,31,74,84,92"
1300,"6,7,18,20"
1301,"2,29,48,75,86,90"
1302,3
1303,"3,35,78"
1304,"1,57,82"
1305,"49,65,76"
1306,"30,35,78"
1307,"8,40,51,58,87"
1308,"1,34,57,64"
1309,"9,22,60"
1310,"48,88"
1311,"1,44,57,64"
1312,"19,20,68,84"
1313,"26,48,60,88"
1314,"1,34,57,64"
1315,"1,34,57,64"
1316,68
1317,"8,40,51,58,87"
1318,"2,29,48,75,86,90"
1319,"9,22,52,74"
1320,"1,34,57,64"
1321,"2,29,48,75,86,90"
1322,"1,44,57,64"
1323,"22,52"
1324,"17,21,41"
1325,"9,24,67,91"
1326,"3,7"
1327,"2,29,42,48,75,90"
1328,"1,34,57,77"
1329,"8,40,51,58,87"
1330,68
1331,"11,19,62,67"
1332,"1,34,57,64"
1333,"31,52,59,66"
1334,"21,41,68,84"
1335,"22,67"
1336,36
1337,"9,26,48,88"
1338,"35,71"
1339,"3,23"
1340,"17,20,59,91"
1341,"1,34,57,64"
1342,"3,66,78"
1343,"16,59,67,91"
1344,"2,29,48,75,86,90"
1345,"2,29,48,75,86,90"
1346,"16,50,66,78"
1347,"60,70"
1348,"2,29,48,75,90"
1349,"16,32"
1350,"18,21,29,92"
1351,"9,30,50,78,91"
1352,9
1353,"1,34,57,64"
1354,"8,40,51,58"
1355,"17,21,31,36"
1356,"2,29,48,75"
1357,"7,16,50,79"
1358,"2,29,48,75,86,90"
1359,"7,43,78"
1360,"1,34,57,64"
1361,"5,73"
1362,"1,34,57,64"
1363,"7,59,66"
1364,"17,21,41,68,84"
1365,"1,34,57,64"
1366,"1,34,57,77"
1367,"2,29,48,75,86,90"
1368,"27,31,42,48,87"
1369,"2,29,48,75,86,90"
1370,"1,34,57,64"
1371,79
1372,"8,40,51,58,87"
1373,"1,34,57,64,85"
1374,"2,29,48,75,86,90"
1375,"2,29,48,75,90"
1376,"2,29,48,75,86,90"
1377,"1,34,57,64"
1378,"49,65,76"
1379,21
1380,"49,65,76"
1381,"1,34,57,77"
1382,"1,57,64,81"
1383,"7,16,23,50"
1384,"49,65,76"
1385,71
1386,"35,52,71,91"
1387,"8,40,51,58,87"
1388,"16,66,78"
1389,"16,43,50"
1390,"7,30"
1391,"5,62,83,92"
1392,"1,34,57,77"
1393,28
1394,"12,21,30,87,91"
1395,"3,24,78"
1396,"1,57,64,82"
1397,20
1398,"2,27,29,48"
1399,"18,28,51,58"
1400,"7,66,91"
1401,"45,75,89"
1402,"10,19,21,35"
1403,14
1404,"7,37,84"
1405,"20,50,79"
1406,"2,29,45,75,89"
1407,"19,27,48"
1408,"2,29,48,75,86,90"
1409,"7,16,50"
1410,"66,79,91"
1411,"22,30,41,52,70"
1412,"1,34,57,64"
1413,"2,29,45,75,89"
1414,"2,29,48,75,86,90"
1415,"3,26,48,88"
1416,"2,40,53,61,75"
1417,"7,17,59"
1418,"20,69"
1419,"19,31"
1420,"3,23,50,79"
1421,"4,39,54,63,80"
1422,"9,22,25,70,84"
1423,"16,23,50"
1424,"2,40,53,61,75"
1425,"7,24,41,68,84"
1426,"1,34,57,64"
1427,"10,60,69"
1428,"11,20,30,67"
1429,"34,57,77"
1430,"3,42,78"
1431,"35,52,67,91"
1432,"12,62,67"
1433,"2,29,48,75,86,90"
1434,"8,40,51,58,87"
1435,"20,29,87"
1436,"8,40,51,58,87"
1437,"17,20,41,67"
1438,"7,17,41,68,84"
1439,"7,31,59,66"
1440,"1,34,57,77"
1441,"2,48,87,91"
1442,"11,21,31,68"
1443,"1,34,57,77"
1444,"2,29,48,75,86,90"
1445,"49,65,76"
1446,"1,57,64,81"
1447,33
1448,"8,40,51,58,87"
1449,"24,41,68,84"
1450,"10,20,25,59"
1451,"52,60"
1452,"7,50,68,91"
1453,"3,7,18,60,91"
1454,"5,24,37,50"
1455,"31,35,78"
1456,"1,34,57,64"
1457,57
1458,"2,29,42,48,75,90"
1459,"1,57,82"
1460,"1,34,57,77"
1461,"49,65,76"
1462,"49,65,76"
1463,"2,29,48,75,86,90"
1464,"10,26,48,88"
1465,"1,34,57,77"
1466,"3,18,91"
1467,"1,34,57,77"
1468,"49,65,76"
1469,"1,34,57,64"
1470,"1,57,82"
1471,"8,40,51,58,87"
1472,"19,21,30,41"
1473,"3,78"
1474,"6,10,36,78,91"
1475,"2,29,48,75,86,90"
1476,"10,20,25,35"
1477,"20,33,59"
1478,"3,78"
1479,"47,55,72"
1480,"1,34,57,64"
1481,"20,31,60"
1482,"8,40,51,58,87"
1483,"1,34,57,77"
1484,"1,34,57,77"
1485,"11,25,36,67"
1486,"21,29,69"
1487,28
1488,"59,78,91"
1489,"1,34,57,64"
1490,"21,41,52,70"
1491,"1,34,57,77"
1492,"49,65,76"
1493,"10,20"
1494,"1,34,57,64"
1495,"35,71,78"
1496,"22,37,68,91"
1497,"9,16,78"
1498,"3,52,59"
1499,"3,10,30,59"
1500,28
1501,"21,52"
1502,"2,48,75,86,90"
1503,"3,11"
1504,"7,21,59"
1505,"2,29,48,75,86,90"
1506,"49,65,76"
1507,"1,34,57,64"
1508,"1,34,57,64"
1509,"9,17,20,35"
1510,"1,34,57,64"
1511,"9,16,50,69"
1512,"2,29,48,75,86,90"
1513,"49,65,76"
1514,"17,21,27,48,87"
1515,"3,9,18,36"
1516,"6,20,33,37"
1517,"49,65,76"
1518,"33,78"
1519,"1,34,57,64"
1520,"1,34,57,77"
1521,"16,32"
1522,"4,39,54,63,80"
1523,"49,65,76"
1524,"16,32"
1525,"1,34,57,64"
1526,"49,65,76"
1527,"2,40,53,61,75"
1528,"31,66"
1529,"1,34,57,64"
1530,"2,53,61,75"
1531,"7,16,50,79"
1532,"1,34,57,64"
1533,"16,32"
1534,"1,57,82"
1535,"49,65,76"
1536,"49,65,76"
1537,"1,44,57,64"
1538,"1,34,57,64,85"
1539,"2,29,48,75,86,90"
1540,17
1541,"1,57,64,82"
1542,"7,20"
1543,"3,18,60,67"
1544,"21,52"
1545,"7,78"
1546,"40,51,58,87"
1547,"7,23,69,79"
1548,"7,20"
1549,"1,34,57,77"
1550,"1,34,57,64"
1551,"1,34,57,64,85"
1552,"9,16,50,78"
1553,"1,34,57,64"
1554,"9,18,20,37"
1555,"20,52"
1556,"49,65,76"
1557,"7,18,21,31"
1558,"49,65,76"
1559,"8,40,51,58,87"
1560,"7,36,78"
1561,"7,17,21,60"
1562,"1,34,57,64"
1563,"1,34,57,64"
1564,"1,34,57,77"
1565,"7,30,66,91"
1566,"21,74,86,92"
1567,"9,20,31,59"
1568,"16,20,35,91"
1569,71
1570,"1,34,57,64"
1571,"43,87"
1572,12
1573,"50,60"
1574,"1,34,57,77"
1575,"7,16,23,50"
1576,"1,34,57,64"
1577,"16,23,50,66"
1578,"1,34,57,64"
1579,"7,16,23,50"
1580,"2,38,46,48,75"
1581,"2,29,48,75,86,90"
1582,"7,16,50,79"
1583,"2,29,48,75,86,90"
1584,"1,34,57,77"
1585,"8,40,51,58,87"
1586,"3,35"
1587,"1,34,57,77"
1588,"7,43,66,87"
1589,68
1590,"10,20,31,66"
1591,"1,34,57,64"
1592,"7,23,50,78"
1593,78
1594,"60,66,91"
1595,"2,29,48,75,86,90"
1596,"22,73"
1597,"2,29,48,75,86,90"
1598,"1,44,57,64"
1599,"49,65,76"
1600,"2,40,53,61,75"
1601,"4,39,54,63,80"
1602,52
1603,"49,65,76"
1604,"1,34,57,64"
1605,"20,35"
1606,"9,22,30,67,84"
1607,"2,40,53,61,75"
1608,"19,60,67"
1609,"36,59"
1610,"1,34,57,64"
1611,"1,34,57,77"
1612,"8,40,51,58,87"
1613,"16,43,66,78"
1614,67
1615,"7,50"
1616,"1,44,57,64"
1617,"2,29,42,48,75,90"
1618,"2,29,48,75,86,90"
1619,"1,34,57,64"
1620,"16,32"
1621,"49,65,76"
1622,"30,66,78"
1623,"49,65,76"
1624,76
1625,"1,34,57,77"
1626,"22,67"
1627,"1,34,57,77"
1628,"13,20"
1629,"49,65,76"
1630,"1,34,57,77"
1631,"49,65,76"
1632,"49,65,76"
1633,"8,40,51,58,87"
1634,"49,65,76"
1635,"1,34,57,64"
1636,"1,57,64,81"
1637,"16,32"
1638,83
1639,"1,34,57,64"
1640,"1,34,57,64"
1641,"28,30,78"
1642,"49,65,76"
1643,"50,78"
1644,"2,29,48,75,86,90"
1645,"4,39,54,63,80"
1646,"2,29,48,75,86,90"
1647,"1,34,57,64,85"
1648,"16,32"
1649,"49,65,76"
1650,"2,29,48,75,86,90"
1651,"36,78"
1652,"59,66"
1653,"49,65,76"
1654,"2,29,48,75,86,90"
1655,"2,29,48,75,86,90"
1656,"2,29,48,75,86,90"
1657,"49,65,76"
1658,"20,52"
1659,"7,30,92"
1660,"49,65,76"
1661,"1,34,57,64,85"
1662,"2,13,29,79"
1663,"30,50,91"
1664,"1,34,57,64,85"
1665,"1,34,57,64"
1666,"9,16,23,50"
1667,"2,29,38,46,48,75"
1668,"9,16,50,78"
1669,"49,65,76"
1670,"1,34,57,64"
1671,"49,65,76"
1672,"17,27,48"
1673,"3,20,25,37,68"
1674,"16,32"
1675,"17,78,91"
1676,"2,29,48,75"
1677,"9,59,71"
1678,38
1679,"69,91"
1680,"1,34,57,77"
1681,"1,57,64,81"
1682,"23,35,66,78"
1683,"11,20,30,41,67"
1684,"2,29,48,75,86,90"
1685,"2,53,61,75"
1686,"42,50,91"
1687,"1,34,57,64"
1688,"2,29,42,48,75,90"
1689,"18,52,59"
1690,"52,68"
1691,"41,48"
1692,"2,29,48,75,86,90"
1693,"23,35,91"
1694,"49,65,76"
1695,"20,68"
1696,"16,32"
1697,"1,34,57,77"
1698,"1,34,57,77"
1699,"3,50,67"
1700,"1,34,57,64"
1701,"1,34,57,64"
1702,"6,52,59,66"
1703,"14,67"
1704,"2,29,48,75,86,90"
1705,"1,34,57,77"
1706,"2,29,48,75,86,90"
1707,21
1708,"21,24,37"
1709,"16,32"
1710,"4,39,54,63,80"
1711,"6,9,24,59,91"
1712,"2,40,53,61,75"
1713,"13,20"
1714,"31,37,67,91"
1715,"2,45,75,89"
1716,"2,29,48,75,86,90"
1717,"69,79"
1718,"2,29,48,75,86,90"
1719,"8,40,51,58,87"
1720,"1,34,57,64"
1721,"10,20,24,31,68"
1722,"2,29,48,75,86,90"
1723,"17,31,42"
1724,"11,17,41,68"
1725,68
1726,"1,34,57,64"
1727,"22,24,52,74,92"
1728,"1,34,57,64"
1729,"2,29,48,75,86,90"
1730,"2,29,38,46,48,75"
1731,"2,29,48,75,86,90"
1732,"3,24,52,68,91"
1733,"8,40,51,58,87"
1734,"49,65,76"
1735,"16,23,50"
1736,"3,19,27,48,87"
1737,"1,34,57,64"
1738,"2,29,42,48,75,90"
1739,"2,12,48"
1740,"7,22,91"
1741,"1,34,57,64"
1742,"1,34,57,77"
1743,"1,34,57,77"
1744,"3,36,78,91"
1745,70
1746,"49,65,76"
1747,"47,55,72"
1748,"43,78"
1749,"2,29,48,75,86,90"
1750,"2,29,48,75,86,90"
1751,"9,30,50"
1752,"16,43,50,78"
1753,"1,34,57,64"
1754,"4,88"
1755,"8,40,51,58,87"
1756,"21,52"
1757,"1,34,57,77"
1758,"7,18,20,59"
1759,"8,40,51,58,87"
1760,"49,65,76"
1761,"60,91"
1762,"22,24,60,68"
1763,"1,34,57,77"
1764,"18,21,31,52,68"
1765,"2,29,48,75,86,90"
1766,"20,30,52,67"
1767,"16,69,78"
1768,3
1769,"1,34,57,77"
1770,"1,34,57,64,85"
1771,38
1772,"6,7"
1773,42
1774,"1,34,57,77"
1775,"33,41,67,84"
1776,"49,65,76"
1777,52
1778,"7,41"
1779,"2,29,48,75,86,90"
1780,"1,34,57,77"
1781,"7,37,84,91"
1782,"8,40,51,58,87"
1783,"21,23,31,52"
1784,"6,16,50,68"
1785,"1,34,57,64"
1786,"2,29,48,75,86,90"
1787,"2,29,48,75,86,90"
1788,"1,34,57,64"
1789,"3,19,20,36"
1790,67
1791,"20,31,35,52"
1792,"1,34,57,64"
1793,"16,32"
1794,"27,31,48"
1795,"2,29,48,75,86,90"
1796,"2,29,48,75,86,90"
1797,"9,22,59"
1798,28
1799,"9,87"
1800,52
1801,"1,34,57,64"
1802,"29,48,75,86,90"
1803,"10,30,48"
1804,30
1805,"1,34,57,77"
1806,"8,40,51,58,87"
1807,"6,20,24,37"
1808,"17,21,52,84"
1809,"1,34,57,64"
1810,"42,71"
1811,"1,34,57,64"
1812,"1,34,57,64"
1813,"7,29,35"
1814,"7,21,59"
1815,"1,34,57,77"
1816,70
1817,68
1818,"14,36,91"
1819,"2,29,42,48,75,90"
1820,"1,44,57,64"
1821,"3,26,48,88"
1822,"16,32"
1823,"2,29,48,75"
1824,"1,34,57,64,85"
1825,"2,29,45,75,89"
1826,"8,40,51,58,87"
1827,"11,22"
1828,21
1829,"49,65,76"
1830,78
1831,"7,37,91"
1832,52
1833,"19,30,41,69,79"
1834,"2,29,42,48,75,90"
1835,"59,69"
1836,"6,9,50,78"
1837,"3,52,66"
1838,"1,34,57,64"
1839,"4,39,54,63,80"
1840,"49,65,76"
1841,12
1842,"9,21,60"
1843,73
1844,"1,57,82"
1845,"2,29,45,75,89"
1846,"7,21,25"
1847,"1,34,57,64"
1848,"1,44,57,64"
1849,"42,52,71"
1850,"7,16,50,79"
1851,83
1852,"30,74"
1853,20
1854,"1,34,57,64"
1855,"9,50,66,78"
1856,"2,29,48,75,86,90"
1857,"9,16,78"
1858,"22,52,74"
1859,"1,34,57,64"
1860,"1,34,57,64"
1861,"1,34,57,77"
1862,"1,34,57,77"
1863,"3,9,22,25,40"
1864,14
1865,70
1866,"2,29,45,75,89"
1867,"22,62,84,91"
1868,"48,87"
1869,"1,34,57,77"
1870,"2,38,46,48,75"
1871,"16,69"
1872,"18,20,33"
1873,"7,50,78"
1874,"7,30,41"
1875,"2,29,48,75,86,90"
1876,"3,22,52,74"
1877,"2,29,48,75"
1878,"1,34,57,64"
1879,3
1880,"18,23,60,91"
1881,"10,22,31,52,68"
1882,"2,29,38,46,75"
1883,"7,16,23,50"
1884,"31,68"
1885,"1,34,57,77"
1886,"17,21,36,79"
1887,"8,40,51,58"
1888,"1,34,57,77"
1889,"36,41,91"
1890,"2,40,53,61,75"
1891,"49,65,76"
1892,"1,34,57,64"
1893,"1,34,57,77"
1894,"1,34,57,64"
1895,"2,48,75,86,90"
1896,"9,50,66,78"
1897,"2,29,48,75,86,90"
1898,"4,39,54,63,80"
1899,"29,42,71"
1900,"10,48,88"
1901,"6,20,33,60"
1902,"1,34,57,77"
1903,"2,29,48,75,86,90"
1904,"1,34,57,64"
1905,"16,32"
1906,"52,62"
1907,7
1908,"2,29,48,75,86,90"
1909,"1,34,57,64,85"
1910,"48,69,88"
1911,"1,34,57,64"
1912,"3,9,24,35"
1913,"12,43"
1914,67
1915,"30,66,78,91"
1916,"1,34,57,77"
1917,"18,21,52"
1918,"56,84"
1919,"20,24,59"
1920,27
1921,"1,57,64,81"
1922,"17,22,41,52"
1923,"8,40,51,58,87"
1924,"2,48,75,86,90"
1925,"1,34,57,64"
1926,"49,65,76"
1927,"10,20,30"
1928,"1,34,57,64"
1929,"1,57,64,82"
1930,"9,16,50"
1931,"2,29,48,75,86,90"
1932,"49,65,76"
1933,"2,29,48,75"
1934,"8,40,51,58,87"
1935,"3,9,22,24,52"
1936,"9,22,24,67"
1937,"1,34,57,77"
1938,"11,56,70"
1939,"49,65,76"
1940,"8,40,51,58,87"
1941,"2,29,48,75,90"
1942,"2,29,48,75"
1943,"1,34,57,77"
1944,"7,18,21,31"
1945,"1,34,57,77"
1946,"22,37,68"
1947,"1,34,57,77"
1948,"20,26,48,88"
1949,"16,32"
1950,"49,65,76"
1951,"17,37,66"
1952,"10,48,87"
1953,"1,34,57,77"
1954,"47,55,72"
1955,"60,67"
1956,"8,40,51,58,87"
1957,"16,32"
1958,"47,55,72"
1959,"21,31,92"
1960,"7,17,91"
1961,"1,34,57,64"
1962,"9,28"
1963,"2,29,38,46,48,75"
1964,"8,40,51,58,87"
1965,"7,67"
1966,"49,65,76"
1967,"2,29,45,75,89"
1968,"8,40,51,58,87"
1969,"1,34,57,64"
1970,"2,29,48,75,90"
1971,"1,34,57,64"
1972,"9,16,50,79"
1973,"9,17,21,59"
